{"admin": [3.2987910992286196, 0.0, 0.0, 3.086815206362794, 0.0, 3.7459740424360426, 4.126473685799784, 5.86946769191182, 4.689589294644583, 3.198966549622236, 0.0, 0.0, 3.6597750159028934, 0.0, 3.7621436757673616, 4.036569215943926, 3.1104984650184972, 4.492120710893607, 0.0, 0.0, 0.0, 5.780999607308082, 0.0, 0.652791209833867, 0.0, 0.0, 5.326416195706039, 1.1563390625908325, 5.343307287964578, 4.163075676662606, 2.20914849504922, 0.0, 0.0, 2.9206046977272155, 0.0, 5.120429608874146, 0.0], "administrator": [3.318667794852661, 3.116070547558851, 5.35668667120153, 0.0, 0.0, 3.6944581150122593, 4.575238903581958, 0.0, 0.0, 3.537838676377203, 0.0, 0.0, 0.0, 2.9900361760261704, 0.0, 4.17079044746385, 3.345371817348313, 0.0, 4.5199117184735655, 0.0, 4.6610575789686655, 0.0, 0.0, 0.6389784510646973, 4.661183457225397, 0.0, 0.0, 1.1792622556455234, 0.0, 4.158972932181632, 2.4879515292391363, 0.0, 0.0, 0.0, 5.683826274235865, 5.9855531909863275, 0.0], "beauty_guru45": [3.4134989661639, 3.1922715196752, 4.659279265160407, 3.2522167547100707, 5.491754088830358, 0.0, 4.486639769170422, 0.0, 0.0, 0.0, 0.0, 4.620446164141017, 3.556394736638692, 2.698368801861411, 3.892894025267437, 3.6483646265034513, 0.0, 4.221903961179856, 4.276320064591239, 0.0, 0.0, 0.0, 0.0, 0.652791209833867, 4.7425157988237565, 0.0, 5.5704394900391225, 0.9957051563317494, 0.0, 0.0, 2.1612770985634886, 5.651222570545432, 0.0, 2.7011819358982185, 5.420118761152605, 0.0, 0.0], "fit_fanatic76": [3.8226110239245767, 3.4596249776911887, 0.0, 0.0, 0.0, 4.080906825147678, 0.0, 0.0, 0.0, 0.0, 0.0, 0.0, 0.0, 3.1783537703140503, 0.0, 4.295191763094091, 0.0, 5.268335628077511, 0.0, 5.30895136881718, 5.351981638271715, 0.0, 0.0, 0.7622517090726592, 5.206946468005422, 0.0, 0.0, 1.256373628029643, 6.196420637900276, 0.0, 0.0, 0.0, 4.572849105107838, 3.3616773261773947, 0.0, 0.0, 0.0], "fitness_freak99": [3.1632882605812163, 3.3531337849510146, 4.64235951252952, 2.9376170544641504, 0.0, 0.0, 0.0, 0.0, 4.623512107193344, 3.2369894413672324, 5.630014535116697, 4.533594118889144, 3.3814164583676436, 0.0, 3.7201369420523243, 3.5302987125145147, 3.265627810405923, 3.9166070903624752, 0.0, 4.545389338609622, 0.0, 0.0, 0.0, 0.6333004963811237, 0.0, 0.0, 5.007382080899998, 0.0, 0.0, 0.0, 2.3093430280101437, 0.0, 0.0, 2.5557550405489065, 0.0, 5.20111685260133, 6.318859859569014], "health_lover23": [0.0, 3.3126131384649016, 4.989998003527642, 0.0, 0.0, 0.0, 0.0, 0.0, 0.0, 0.0, 0.0, 4.910542924933323, 3.8203137278130286, 2.790238567839262, 4.1364074380191616, 3.87097315940175, 0.0, 4.400298858335531, 4.534875062832547, 4.929667491297998, 0.0, 0.0, 0.0, 0.7188507574477846, 0.0, 6.233728779826038, 0.0, 1.0611294985898931, 5.69061139899397, 0.0, 2.4975275658900875, 6.023372693082638, 4.114317181091925, 2.738620816366137, 0.0, 0.0, 0.0], "mindful_living_101": [0.0, 0.0, 0.0, 0.0, 5.5640742343893175, 0.0, 4.269417763030551, 0.0, 4.9868022697720225, 0.0, 6.101079674884302, 0.0, 3.668705653105311, 2.999371317187914, 3.9234810398033537, 0.0, 3.3865828389954036, 0.0, 0.0, 0.0, 5.014414972868809, 0.0, 0.0, 0.7188507574477846, 0.0, 6.025712915455652, 5.5694822681339655, 1.0513711569565396, 0.0, 4.311466930643652, 2.296423274962758, 0.0, 4.1523426106180095, 2.992112446753878, 0.0, 5.34716127396141, 0.0], "natural_healer77": [0.0, 3.4816650294077256, 0.0, 3.5083755206588205, 5.92785332562071, 3.9320803945411553, 4.519246951806485, 0.0, 0.0, 3.6235860082321762, 0.0, 0.0, 0.0, 2.8871421965680106, 4.237763914815134, 0.0, 3.5454120354783156, 0.0, 4.588737295861676, 0.0, 0.0, 6.301334471718262, 7.523759490917717, 0.7188507574477846, 0.0, 0.0, 0.0, 0.9859713269157204, 5.60128616375898, 0.0, 2.4379793963838585, 0.0, 4.305075907079375, 3.1519454959834485, 0.0, 0.0, 0.0], "naufal": [3.693842563948882, 3.5307040414283186, 0.0, 3.5409774918823254, 0.0, 3.854222439183328, 0.0, 0.0, 0.0, 3.715928046403691, 0.0, 0.0, 0.0, 0.0, 0.0, 0.0, 3.5533872851724757, 0.0, 0.0, 5.342055674818719, 5.113387302804866, 0.0, 0.0, 0.7659416862050705, 5.132788847333988, 6.900309304338305, 0.0, 0.0, 0.0, 4.6200170996217675, 0.0, 0.0, 0.0, 0.0, 0.0, 0.0, 0.0], "naufalrifqizuhrian": [0.0, 0.0, 0.0, 3.53464230762456, 0.0, 4.200838914054886, 4.823850597910354, 0.0, 0.0, 0.0, 0.0, 5.792854456829031, 4.117635481943112, 0.0, 0.0, 0.0, 0.0, 0.0, 0.0, 0.0, 0.0, 0.0, 0.0, 0.8528028654224421, 5.255186085922491, 0.0, 0.0, 1.1890958652769044, 0.0, 4.756893191559678, 2.6308337516195746, 6.733494622656871, 4.491216194928209, 0.0, 0.0, 6.031055263970601, 0.0], "organic_chef24": [0.0, 0.0, 4.517449748960602, 2.8721995037473005, 5.164508572490013, 3.5773807258924206, 0.0, 5.823058193539379, 4.734049503754541, 3.1774203317017333, 5.562117924112225, 4.575838791292589, 0.0, 2.7342589349981394, 0.0, 3.476084587721345, 3.147235171328659, 3.980040024392835, 4.26191447712604, 4.3092734950392035, 0.0, 0.0, 0.0, 0.6333004963811236, 0.0, 5.482441069362133, 5.06256365926101, 1.1703207942048461, 0.0, 0.0, 0.0, 0.0, 0.0, 2.4490814683525697, 0.0, 0.0, 0.0], "skin_care_expert88": [3.4126239837815913, 2.9627077180972172, 5.151710882601013, 3.460531321116482, 0.0, 3.5591403099673014, 0.0, 0.0, 0.0, 3.5754436090615958, 0.0, 0.0, 0.0, 2.9407486344831693, 0.0, 3.96869093265117, 3.4244293488606936, 0.0, 4.438580794937979, 4.9973417587922215, 4.702340459020139, 0.0, 0.0, 0.6755205294731986, 4.57934063463714, 0.0, 0.0, 1.2467022354103832, 0.0, 4.442397195556811, 2.7396289004316072, 0.0, 4.446658423907436, 3.452007331962484, 5.842346169141818, 0.0, 0.0], "test": [0.0, 0.0, 0.0, 4.087689626310713, 0.0, 0.0, 0.0, 0.0, 0.0, 0.0, 0.0, 0.0, 4.810301084541198, 0.0, 0.0, 0.0, 0.0, 0.0, 0.0, 0.0, 0.0, 0.0, 0.0, 0.0, 0.0, 0.0, 0.0, 1.3992421825861943, 0.0, 0.0, 0.0, 0.0, 5.225861500977536, 0.0, 0.0, 0.0, 0.0], "wellness_warrior19": [3.1012826901651533, 0.0, 0.0, 0.0, 4.686465770033737, 0.0, 0.0, 5.1769845171521744, 4.1467993567791, 3.1307757792173496, 5.203532557326795, 4.162753629506709, 3.014196722679846, 2.530914282706142, 3.0701356444070855, 0.0, 0.0, 3.717606587240624, 0.0, 0.0, 0.0, 5.1467993567791, 6.203532557326795, 0.6333004963811235, 0.0, 0.0, 0.0, 0.9174687647640152, 0.0, 0.0, 1.9470952954151304, 5.162753629506709, 0.0, 2.4219421488474175, 4.95897226868359, 0.0, 5.603232237813075], "yoga_yogi91": [3.0617940608139946, 3.1412355214060637, 0.0, 0.0, 0.0, 0.0, 4.087978730742592, 5.95950703652495, 5.018605600756554, 3.0230106675993693, 0.0, 0.0, 0.0, 2.6988275725710036, 3.8676476744776673, 0.0, 3.053934547638524, 0.0, 4.351848099383198, 0.0, 4.494615912866612, 5.653618522286917, 0.0, 0.6154574548966637, 0.0, 0.0, 0.0, 1.012989242360862, 5.252069510511957, 3.9648555434544237, 2.1119010081113125, 0.0, 0.0, 0.0, 5.204659460064936, 0.0, 6.491596492466236]}