{"admin": [0.4629100498862758, 0.0, 0.0, 0.0, 0.9101236453862338, 0.4472135954999579, 0.9101236453862338, 0.0, 0.9101236453862338, 0.4629100498862758, 0.4472135954999579, 0.4629100498862758, 0.0, 0.9101236453862338, 0.9101236453862338, 0.9101236453862338, 0.9101236453862338, 0.9101236453862338, 0.4472135954999579, 0.4472135954999579], "beauty_guru45": [0.0, 0.0, 0.0, 0.0, 0.0, 0.0, 0.0, 0.0, 0.0, 0.0, 0.0, 0.0, 0.0, 0.0, 0.0, 0.0, 0.0, 0.0, 0.0, 0.0], "fit_fanatic76": [0.2672612419124244, 0.0, 0.7836590214067466, 0.7836590214067466, 1.0723341560015593, 0.5163977794943222, 0.0, 0.7836590214067466, 0.7836590214067466, 0.2672612419124244, 0.0, 0.2672612419124244, 0.0, 0.0, 0.7836590214067466, 1.0723341560015593, 0.7836590214067466, 0.7836590214067466, 0.5163977794943222, 0.0], "health_lover23": [0.4629100498862758, 0.0, 0.9101236453862338, 0.9101236453862338, 0.0, 0.4472135954999579, 0.0, 0.9101236453862338, 0.9101236453862338, 0.4629100498862758, 0.7358887300947708, 0.4629100498862758, 0.0, 1.1987987799810467, 0.9101236453862338, 0.0, 0.9101236453862338, 0.9101236453862338, 0.4472135954999579, 0.7358887300947708], "naufal": [0.7590721152765897, 0.0, 0.0, 0.0, 0.0, 0.0, 0.0, 0.0, 0.0, 0.7590721152765897, 0.0, 0.7590721152765897, 0.0, 0.0, 0.0, 0.0, 0.0, 0.0, 0.0, 0.0], "test": [0.0, 0.0, 0.0, 0.0, 0.0, 1.0676788152007735, 0.0, 0.0, 0.0, 0.0, 1.026333357189014, 0.0, 0.0, 0.0, 0.0, 0.0, 0.0, 0.0, 0.7590721152765897, 1.026333357189014], "wellness_warrior19": [0.3086066999241839, 0.0, 0.7558202954241418, 0.7558202954241418, 0.7558202954241418, 0.0, 0.7558202954241418, 0.7558202954241418, 0.0, 0.3086066999241839, 0.4472135954999579, 0.3086066999241839, 0.0, 0.7558202954241418, 0.0, 0.7558202954241418, 0.7558202954241418, 0.7558202954241418, 0.4472135954999579, 0.4472135954999579]}