{"admin": [0.0, 0.8944271909999159, 0.8944271909999159, 0.4472135954999579, 0.0, 0.8944271909999159, 0.4472135954999579], "beauty_guru45": [0.0, 0.0, 0.0, 0.0, 0.0, 0.0, 0.0], "fit_fanatic76": [1.2649110640673515, 1.7649110640673515, 0.0, 0.6324555320336758, 0.0, 0.0, 0.6324555320336758], "health_lover23": [1.2649110640673515, 0.0, 0.0, 0.6324555320336758, 0.0, 1.7649110640673515, 0.6324555320336758], "naufal": [0.0, 0.0, 0.0, 0.7999999999999999, 0.0, 0.0, 0.0], "test": [0.0, 0.0, 0.0, 0.0, 0.0, 0.0, 0.7999999999999999]}